product_id,tn
20001,1184.5398822564307
20002,1169.9273783305366
20003,724.5282559004224
20004,551.0208587386209
20005,510.994341873066
20006,459.90075222938526
20007,405.87984596830984
20008,410.6486132949543
20009,469.98617779187254
20010,427.8935612116427
20011,362.252916705046
20012,278.9439912148514
20013,356.168536498453
20014,330.02254598462923
20015,333.7039100082792
20016,271.05990675922465
20017,259.4969230628492
20018,257.13857785295005
20019,300.0881251832222
20020,255.31115639051026
20021,262.9164270747166
20022,259.60620231427424
20023,211.69893002342113
20024,197.00861759552078
20025,214.16692125278996
20026,251.71370799300715
20027,221.59207205390982
20028,243.7933282191372
20029,181.9211149293178
20030,113.08161790030181
20031,193.23164182696345
20032,538.3498941129632
20033,128.14804462409322
20035,171.66772642804406
20037,180.56551373966076
20038,169.51613294142
20039,117.26932489769221
20041,135.26651543356087
20042,152.8647477464442
20043,138.04045103485734
20044,168.28731536110507
20045,143.31786879965077
20046,137.01085590343433
20047,169.612619598257
20049,156.6422456103793
20050,130.99136711563438
20051,125.51987652997528
20052,89.90820331654355
20053,159.18812148358882
20054,132.59979630002692
20055,99.06761290011433
20056,85.40481702821563
20057,134.30330908606564
20058,110.04735701252534
20059,138.37658252908574
20061,122.43642180690034
20062,102.68776440352704
20063,116.30797244175956
20065,111.63490189849523
20066,126.64218982457453
20067,99.19798051190324
20068,103.62792557573704
20069,138.79801910784303
20070,111.43540696715341
20071,130.47254836176768
20072,93.81001982061622
20073,98.8617791141431
20074,83.65375590959307
20075,130.5960688075731
20076,99.09817986480004
20077,99.97570706466416
20079,66.21249924276087
20080,82.259852983873
20081,83.35836496526966
20082,68.17072887180467
20084,117.42129548131568
20085,163.3742259608418
20086,64.90644057916053
20087,63.028925834974615
20089,185.89197833514143
20090,79.85317495385534
20091,104.72098621935845
20092,59.66605480226283
20093,77.86516146196902
20094,94.35920273369372
20095,53.14775084127453
20096,76.57247754739626
20097,65.77628556764535
20099,75.38235316842987
20100,53.66386356804523
20101,69.06489346804273
20102,35.3351295689621
20103,80.65301415742344
20106,63.43657630018372
20107,74.84646601228506
20108,61.22465117304695
20109,60.788686177814796
20111,78.85364123837971
20112,73.81994211187573
20114,55.53106764516811
20116,77.54705093862722
20117,51.54597891406357
20118,55.446581536361066
20119,47.674974139045545
20120,56.06180742400265
20121,71.68698276974317
20122,67.89671892418194
20123,55.310172533586915
20124,48.20101551295111
20125,56.3071795484055
20126,107.18933925945588
20127,224.38824308063667
20129,54.64791037943161
20130,110.01435510238157
20132,53.39575908871515
20133,59.60520223381113
20134,59.327990814410114
20135,63.0945473492773
20137,48.56023161989974
20138,43.708258199128494
20139,56.276767858793335
20140,52.68878810323939
20142,57.48903002473584
20143,101.21256710066375
20144,56.36902021594242
20145,54.7643447433541
20146,43.153658458535126
20148,66.0032386995517
20150,105.8955390646473
20151,38.402775637569405
20152,56.869433261504405
20153,54.48071305414982
20155,50.26952386611069
20157,57.21948211209853
20158,42.2208007502161
20159,77.6513502900419
20160,49.08262530471556
20161,56.38615339789311
20162,35.588168984896534
20164,62.72731342675065
20166,50.54383282287749
20167,41.00258081191351
20168,25.81767164329493
20170,76.04412328655243
20174,112.63730408872073
20175,37.53330292699806
20176,36.376034002287525
20177,35.711899589668754
20179,22.468632628704405
20180,33.43268301062754
20181,36.05376172582222
20182,38.028611217216024
20183,22.11586243552997
20184,33.692585533972185
20187,35.37289037781906
20188,30.852815979772476
20189,37.495470693916886
20192,43.94625364482127
20193,35.28004625427759
20196,29.925957074905604
20197,30.019295918083138
20198,35.619435588792015
20200,32.89537395006772
20201,25.54864588276257
20202,28.36255697084339
20203,53.87523396221418
20205,35.2773420591785
20206,27.844144372068484
20207,19.983077090613804
20208,28.599955287249564
20209,24.74836639700767
20210,82.41450469753622
20211,26.992636983888023
20212,29.231016164117456
20213,74.16757907054712
20215,27.45229386208163
20216,26.038126046047037
20218,27.945557782351347
20219,25.431421887279598
20220,24.03632445702608
20222,21.27382479117386
20224,25.821250543557245
20225,19.263638163512006
20226,23.264748567937087
20227,34.89269727862737
20228,17.51319238271053
20230,20.94406554132497
20231,19.557004376627937
20232,25.9830898272306
20233,31.767884709017935
20234,20.51655764921193
20235,36.21100466669257
20236,83.64489798449466
20237,43.71101082135547
20238,19.2932033990801
20239,22.263288946411784
20240,20.00382158660385
20241,20.778423026652806
20242,14.729454040159922
20244,15.402258077163449
20246,18.931859445529543
20249,22.9635945589554
20251,23.636800997402805
20252,21.410615645615156
20253,20.535331670415065
20254,22.111785848222343
20255,18.486403454176955
20256,16.73279134726921
20257,56.53770280835005
20259,22.359696870477432
20261,65.10680573974871
20262,24.134857580996897
20263,19.438333277695392
20264,17.706393808841987
20265,18.88495661913739
20266,21.799190287120368
20267,19.293498388099508
20268,15.31595291975838
20269,14.862032980689746
20270,25.48270949753898
20271,20.06527096127138
20272,16.873080521353085
20273,16.61091653185351
20275,19.854262581181995
20276,18.419486413254194
20277,17.78726958191286
20278,20.872443950900276
20280,14.189088024789278
20281,15.992932513107405
20282,16.49797273805559
20283,14.851704596102596
20284,16.288213600804262
20285,20.23407806371764
20286,47.37021120750309
20288,13.004717026395102
20289,15.012578813170059
20290,16.932989788613853
20291,15.483100086508403
20292,15.668496327738946
20295,14.883929686154497
20296,16.40276505308203
20297,23.91083238479387
20298,17.64914915410379
20299,14.630357025732458
20300,16.01269584760862
20301,14.202751675726333
20302,16.4271386234967
20303,18.189772307729363
20304,10.235083288455431
20305,15.317210027363554
20306,24.497811928718463
20307,13.855779292252448
20309,15.682452770938335
20310,15.60651476445453
20311,16.966682015739572
20313,22.838217971792915
20314,15.067211077464783
20315,15.750759789116747
20316,21.376763555821544
20317,13.983575222609675
20319,16.22617184922332
20320,13.971406421763293
20321,16.296653391557143
20322,10.828987848663184
20323,26.211350136383444
20324,13.78891429024572
20325,7.232861913060743
20326,13.9822947082389
20327,13.58115776513214
20328,12.130922334462287
20329,11.346885350611432
20330,13.132038905958797
20332,16.10335064507368
20334,20.19528976412481
20335,13.22699395224185
20336,13.274357094928389
20337,15.581867655010207
20338,11.932589167112933
20340,20.888359530054274
20341,11.464923023888506
20342,15.001011138470304
20343,14.773392221104858
20344,18.28332091806564
20346,10.993448794898544
20348,18.553173998233202
20349,13.17857498104049
20350,12.954262374483786
20351,18.261322974048646
20352,13.01098753783939
20353,15.861136861846965
20354,13.43116461945861
20355,35.18340424510918
20356,14.723767239000125
20357,12.466875804211712
20358,9.764139328112375
20359,13.625678871767942
20361,17.198084140993597
20362,9.488748587897717
20364,29.07739500058221
20365,12.328532865281096
20366,12.112860296254473
20367,11.021902177667416
20368,17.01939094967851
20372,8.863529419157445
20375,9.58361265113344
20377,10.961247876879227
20378,16.763718345428025
20379,7.7524929356093395
20380,10.762255182764186
20381,12.452279129002974
20382,8.826863201850717
20383,10.029547447241205
20384,9.375799317327468
20385,8.778066234189577
20386,11.141817691117243
20387,14.450168456631001
20388,10.226075145371844
20389,31.52944664403898
20390,11.538172264829505
20395,17.38482440115731
20396,8.879850924392274
20398,9.914746842386625
20400,12.382748222264338
20401,10.347850450716187
20402,12.813606485266437
20403,13.084364923228117
20404,8.948760036187547
20406,11.877919843604598
20407,9.171354146669914
20408,16.56784958670224
20409,7.306812896961517
20410,9.083466439383976
20411,10.547129396662134
20414,30.979914756627807
20415,7.782683436490898
20416,6.083241633884235
20417,11.159915403055024
20418,5.281422932289136
20419,9.66621994051322
20421,11.734375003277524
20422,6.302996471071627
20424,8.170547648433601
20426,4.826190424018108
20428,6.270487526713097
20429,5.766468902376198
20432,8.742121156075406
20433,10.339623442842868
20434,10.419104455890793
20438,10.130054785368003
20440,29.247852043048177
20442,28.30236420115517
20443,7.170983234642061
20447,8.063729133261724
20449,5.4113162178443055
20450,11.468539533136507
20453,10.6055594261565
20456,6.666563155736493
20458,24.510291857638524
20459,14.707106686811297
20460,16.915521771588374
20463,10.27284860480534
20464,7.637564743319032
20465,8.287020723675354
20466,7.981424148938998
20469,9.520539148138678
20470,8.243145344850845
20473,6.020185590000539
20474,7.181388703860543
20476,23.683667937984485
20477,16.244058898229696
20478,7.451528264654762
20479,10.366662201693984
20480,5.4617946551699115
20481,9.345228485262338
20482,6.302248716466833
20483,7.146634886928242
20484,6.816120448144246
20488,12.04355612437597
20490,4.665640405022647
20491,14.996473625146013
20495,13.535959715198121
20496,9.633878154612997
20497,6.793891826989911
20500,7.5289632861524876
20502,6.60401128035065
20503,12.970424589595126
20505,6.896187852265243
20508,5.396371171753771
20509,3.8285627450270714
20510,17.767607284179597
20513,8.065359863224126
20514,5.472163157863323
20517,4.320821481224924
20520,5.234822170628744
20521,18.492018126710036
20522,10.573033102948475
20523,12.465472933095615
20524,5.460646468281078
20525,18.21007009422638
20526,18.99343223804797
20527,13.103380792146744
20530,5.2015795165766034
20531,17.195848154441087
20532,5.38761718091092
20536,6.92816010565761
20537,16.82840865090594
20538,6.945382572442558
20539,6.383697344583837
20540,11.697713317975278
20541,11.540803856248871
20542,7.654166970337446
20544,5.779307416893909
20547,11.92280775655977
20548,18.855143745325286
20549,5.775936690612952
20551,5.257854809426331
20552,3.9548144537035155
20553,13.1641570171812
20555,5.984769375481099
20558,13.370011147412535
20559,13.941979571276192
20560,4.920151254600618
20561,3.4136821493967124
20563,6.160055423316464
20565,8.010857746361516
20567,5.873498160041102
20568,2.9847979125225677
20569,10.897945007949362
20570,6.014848155914761
20571,9.710028321707009
20572,4.160078702758197
20574,2.4689767547760137
20575,15.023778651997636
20576,7.8544121877663535
20577,14.563938483887798
20578,4.202940861103922
20579,4.672080346373923
20580,13.29469159071854
20583,4.770127795561177
20585,5.534929726214214
20586,4.2449621472090975
20588,2.539460683401893
20589,5.546013041814067
20592,16.33376585503866
20593,14.830803942386856
20596,2.9328332668173425
20597,2.85420304340542
20599,5.214927772561836
20600,5.075834382366776
20601,3.92152412648771
20602,3.374914558000606
20603,13.107753688382223
20604,6.213688242117964
20605,4.295413181693624
20606,4.548802977241422
20609,3.1710262310085207
20611,9.621032877885412
20612,5.989919829787768
20614,3.6698923314489176
20615,12.816479073747802
20617,3.5803336651909037
20620,13.470624385529668
20621,11.9082473603915
20622,4.236921132638599
20623,12.59426140526839
20624,4.840020646821207
20627,9.023662138097581
20628,3.6209027124846704
20629,2.9729727046562306
20632,2.760069765454495
20633,12.319463028618777
20636,3.068447046381435
20637,4.076310433089943
20638,5.704738852996828
20639,3.9739749947680583
20640,3.9022522268397664
20641,1.9072279214651964
20642,3.0760611710348345
20644,2.4328379478662097
20646,4.783508424436126
20647,5.179644367118208
20649,19.54782647220537
20651,2.6927898720320154
20652,3.882555111048117
20653,3.8491085725214793
20654,4.044558419137277
20655,3.4537486298397093
20657,5.781169330541365
20658,3.372617197150218
20659,10.92325613662848
20660,2.5373969931378766
20661,4.072423858487658
20662,10.458640621580834
20663,2.046445317849604
20664,2.6431086656495837
20666,1.52218222431502
20667,8.988987500097162
20670,4.227489283335345
20672,4.250816912135738
20673,11.026371131860017
20674,12.346052571640024
20676,2.8307697977227972
20677,2.4956168588681242
20678,2.2789504441106114
20679,7.877404197468232
20680,4.50710878511688
20681,11.25715433199605
20682,6.649759741560044
20684,2.4873535644684788
20685,2.7868393707229173
20686,11.840414708760765
20689,7.875297081236152
20691,16.760258771840654
20693,4.167531926102662
20694,8.534757873277533
20696,3.2622004998874394
20697,2.952859704919241
20699,4.359689249217681
20700,3.413429747653642
20701,3.650031467811906
20702,2.2497142585726135
20703,11.542585197434375
20705,2.7964167280836953
20706,3.635039767704522
20708,2.734048619801034
20709,6.574877054864036
20711,10.204618081674612
20713,1.7817611503115431
20714,3.687728041322466
20715,2.2614699996056244
20719,8.29635642178554
20720,9.349937982599181
20721,2.0279994810758253
20724,1.977284697906827
20729,3.0414987975512884
20730,1.7990403363955227
20732,9.210290853655486
20733,2.257289185798729
20735,2.064046122212197
20737,1.509033030988638
20739,2.91548725288167
20741,2.9343314534314113
20742,2.4801691768912044
20743,1.925980703184138
20744,2.2955959042300544
20745,1.7425698264250635
20746,7.086816712506868
20749,2.85109517521704
20750,3.1743558820829167
20751,2.34097933956423
20754,9.049969550720073
20756,2.533698218030838
20757,5.332770122858912
20758,2.3908723335554147
20759,1.866883330216774
20761,2.693273409340737
20762,6.667644535764874
20765,1.495446001767215
20768,2.179448789792915
20771,1.5866776736058577
20772,8.044240646413968
20773,1.7672886219330053
20774,7.164837697559107
20775,1.8371605506027349
20777,2.513493749920943
20781,1.9484746777781536
20783,2.854168929752282
20785,6.7003881632011275
20786,1.4711529072818628
20788,1.2443662499762906
20789,1.7527833138798803
20793,2.342932414456265
20795,5.912880551867676
20800,1.071264101226805
20801,1.5352531919812082
20802,1.2717470115622036
20803,1.7545940960390798
20807,2.0401900127843904
20809,2.864780903437787
20810,2.217393944424879
20811,3.2907142199465627
20812,1.6627192937467055
20815,7.086277537696407
20817,5.133106643794131
20818,2.020867758781018
20820,2.1751447678539466
20822,5.697369124023807
20823,2.0116219629661556
20824,1.2245023132219692
20826,1.466539157408396
20827,5.825138850573542
20828,1.381264961508971
20830,1.4251908144297956
20831,1.9139533497371963
20832,2.3057428608366024
20835,4.397335433431353
20838,2.0922965273972745
20840,1.9636585371573145
20843,1.8312711271439102
20845,4.885230009143022
20846,1.4799657188044963
20847,1.777598445860719
20849,2.0052212075701097
20852,1.539828602383427
20853,2.752343030670913
20855,1.534627583545847
20859,2.937013450374376
20862,1.5733893431886243
20863,1.2592986351334223
20864,1.161216039668363
20865,1.2310038827015877
20870,1.632178823979722
20877,1.4703346196372378
20878,1.4886796868279775
20879,1.5519530505876753
20882,1.1572624176744248
20883,1.078396522546784
20885,1.081849446528581
20886,2.6942169414607013
20892,1.2308813752946968
20894,1.6765759753754663
20899,2.82913351068293
20901,0.9638369498399673
20902,2.3233867332102682
20904,4.8840536333570475
20906,0.9009513658812927
20907,4.449917441249772
20908,2.6483659852547254
20910,4.628159720142439
20912,4.179072259477431
20913,1.1835836067122552
20914,1.0463645492895137
20917,2.577553110408664
20919,0.7985427636126657
20920,3.3980391884625827
20922,0.9699036022627238
20924,3.3676663401200253
20925,0.8855177134431857
20927,3.484026736259042
20928,4.227805919916293
20931,0.9121682975764015
20932,2.6155447943016106
20933,3.4471258026607607
20936,0.6313076523990654
20937,0.8279913053834003
20941,0.8706326792272501
20942,2.246167867754391
20945,1.4272767877868517
20946,3.2473175484556887
20947,0.886238376948683
20948,0.7001976763497626
20949,1.1017022613359768
20951,1.2258729910028705
20953,3.311055948291338
20956,0.5838481744305394
20957,0.8176159031716628
20961,0.8867780584254046
20962,3.484183130183656
20965,0.9120825079689171
20966,1.3951605812504735
20967,1.8270550230586569
20968,2.7356498388335995
20970,0.7110310013296578
20975,3.085117658435364
20976,0.6401850830891653
20982,0.3459603717067558
20985,0.6011301447611896
20986,0.7746328247502694
20987,2.1997795777486346
20990,0.8981360659983327
20991,0.4461274311053787
20994,0.49062215563432005
20995,2.911314330771323
20996,0.9008294256823144
20997,1.3212606418186355
21001,0.7884688600057079
21003,0.7539666852544741
21006,2.028883038995426
21007,2.100537434663798
21008,0.6798027380689388
21014,0.8854566406574493
21016,0.6048693662659826
21022,1.4297975989820182
21024,0.588440556973088
21027,1.4136351628527115
21028,0.4241819991676733
21032,0.53128240843431
21033,1.5124698484416248
21034,0.8388581807883171
21035,1.8575604983841414
21037,0.7174539547651683
21038,0.4999996357141555
21039,1.8262253825933026
21040,0.7071772992988286
21042,1.7132636797815033
21044,1.8042424457314197
21048,0.4567063746173016
21049,0.37861377327583634
21055,0.30797731681882656
21056,1.1176060159011456
21057,0.5499332863720051
21058,1.6270945887859865
21064,1.6983027277325915
21065,0.5766401616455358
21073,1.1844234442311803
21074,1.607577230910456
21077,0.29112740666768655
21079,1.6301131134203282
21080,0.35909768067241754
21084,0.5045282677576611
21086,1.3315812255619248
21087,0.9640440457638948
21088,0.37722281736890784
21092,1.0271584516125367
21093,0.3716383044329246
21097,1.3027873673414967
21099,1.2206186848204783
21105,0.8663856013762814
21109,1.1677183003193143
21110,1.2838496720824022
21111,1.2718589468857706
21112,0.9910651821077134
21114,1.3444506509893135
21118,0.3584819804797682
21119,1.188562982469795
21126,0.5413492518373649
21129,0.883147845994562
21131,0.266174483289458
21135,0.6123896402463452
21140,0.7885112113601644
21142,0.2918328024686957
21144,0.9522624202740912
21146,0.9945014953471274
21153,0.5278001970407289
21154,1.0092255764803517
21155,0.3662161109146729
21157,0.26556718464638673
21159,0.44505598614208297
21163,0.6213776810601084
21164,0.4435653129190805
21167,0.2297242925141856
21168,0.41997640876690867
21170,0.15186460080109185
21171,0.5273758945997129
21176,0.36184804456952735
21179,0.4955008125065802
21180,0.1696130673668705
21182,0.10802875449950104
21184,0.2537423055556781
21190,0.21756657819535624
21191,0.2107988011129924
21192,0.08995535516906121
21194,0.15323279689645783
21196,0.42300445893831173
21200,0.17068369046112794
21201,0.2557330788892307
21202,0.10308229389651799
21207,0.16778455554047556
21209,0.16440405843297626
21212,0.1634119614342821
21214,0.3938138794975809
21218,0.0757677240030731
21222,0.08795884512428723
21224,0.159208259356632
21226,0.1758997041049946
21227,0.31169396064686017
21233,0.17375515545587109
21244,0.07968438795509444
21245,0.09179339806943793
21246,0.08080370498184758
21248,0.08036153395156184
21252,0.1409614305319916
21256,0.0782204491274384
21259,0.08015918422670963
21262,0.08051367736158774
21263,0.08244683217561101
21265,0.07178182650051744
21266,0.07672094259350819
21267,0.07535355950626865
21276,0.037382526459289536
